tournament_year,team_id,team_name,team_code,count_matches,performance,top_scorer,top_scorer_goals
1930,T-03,Argentina,ARG,5,Runner-up,Guillermo Stábile,8
1930,T-06,Belgium,BEL,2,Group stage,No goals scored,0
1930,T-07,Bolivia,BOL,2,Group stage,No goals scored,0
1930,T-09,Brazil,BRA,2,Group stage,Preguinho,3
1930,T-13,Chile,CHL,3,Group stage,2 players tied,2
1930,T-30,France,FRA,3,Group stage,André Maschinot,2
1930,T-46,Mexico,MEX,3,Group stage,Manuel Rosas,2
1930,T-55,Paraguay,PRY,2,Group stage,Luis Peña,1
1930,T-56,Peru,PER,2,Group stage,Luis de Souza,1
1930,T-61,Romania,ROU,2,Group stage,3 players tied,1
1930,T-83,United States,USA,3,Semi-finals,Bert Patenaude,4
1930,T-84,Uruguay,URY,4,Champion,Pedro Cea,5
1930,T-87,Yugoslavia,YUG,3,Semi-finals,Ivan Bek,3
1934,T-03,Argentina,ARG,1,Round of 16,2 players tied,1
1934,T-05,Austria,AUT,4,Semi-finals,Johann Horvath,2
1934,T-06,Belgium,BEL,1,Round of 16,Bernard Voorhoof,2
1934,T-09,Brazil,BRA,1,Round of 16,Leônidas,1
1934,T-21,Czechoslovakia,CSK,4,Runner-up,Oldřich Nejedlý,5
1934,T-26,Egypt,EGY,1,Round of 16,Abdelrahman Fawzy,2
1934,T-30,France,FRA,1,Round of 16,2 players tied,1
1934,T-31,Germany,DEU,4,Third place,Edmund Conen,4
1934,T-36,Hungary,HUN,2,Quarter-finals,Géza Toldi,2
1934,T-41,Italy,ITA,5,Champion,Angelo Schiavio,4
1934,T-48,Netherlands,NLD,1,Round of 16,2 players tied,1
1934,T-61,Romania,ROU,1,Round of 16,Ștefan Dobay,1
1934,T-73,Spain,ESP,3,Quarter-finals,José Iraragorri,2
1934,T-74,Sweden,SWE,2,Quarter-finals,Sven Jonasson,2
1934,T-75,Switzerland,CHE,2,Quarter-finals,Leopold Kielholz,3
1934,T-83,United States,USA,1,Round of 16,Aldo Donelli,1
1938,T-06,Belgium,BEL,1,Round of 16,Hendrik Isemborghs,1
1938,T-09,Brazil,BRA,5,Third place,Leônidas,7
1938,T-19,Cuba,CUB,3,Quarter-finals,Héctor Socorro,3
1938,T-21,Czechoslovakia,CSK,3,Quarter-finals,Oldřich Nejedlý,2
1938,T-23,Dutch East Indies,IDN,1,Round of 16,No goals scored,0
1938,T-30,France,FRA,2,Quarter-finals,Jean Nicolas,2
1938,T-31,Germany,DEU,2,Round of 16,2 players tied,1
1938,T-36,Hungary,HUN,4,Runner-up,2 players tied,5
1938,T-41,Italy,ITA,4,Champion,Silvio Piola,5
1938,T-48,Netherlands,NLD,1,Round of 16,No goals scored,0
1938,T-53,Norway,NOR,1,Round of 16,Arne Brustad,1
1938,T-57,Poland,POL,1,Round of 16,Ernest Wilimowski,4
1938,T-61,Romania,ROU,2,Round of 16,Ștefan Dobay,2
1938,T-74,Sweden,SWE,3,Semi-finals,3 players tied,3
1938,T-75,Switzerland,CHE,3,Quarter-finals,André Abegglen,3
1950,T-07,Bolivia,BOL,1,Group stage,No goals scored,0
1950,T-09,Brazil,BRA,6,Final round,Ademir,9
1950,T-13,Chile,CHL,3,Group stage,Atilio Cremaschi,2
1950,T-28,England,ENG,3,Group stage,2 players tied,1
1950,T-41,Italy,ITA,2,Group stage,Riccardo Carapellese,2
1950,T-46,Mexico,MEX,3,Group stage,2 players tied,1
1950,T-55,Paraguay,PRY,2,Group stage,2 players tied,1
1950,T-73,Spain,ESP,6,Final round,2 players tied,4
1950,T-74,Sweden,SWE,5,Final round,2 players tied,3
1950,T-75,Switzerland,CHE,3,Group stage,Jacques Fatton,2
1950,T-83,United States,USA,3,Group stage,4 players tied,1
1950,T-84,Uruguay,URY,4,Champion,Óscar Míguez,5
1950,T-87,Yugoslavia,YUG,3,Group stage,2 players tied,2
1954,T-05,Austria,AUT,5,Third place,Erich Probst,6
1954,T-06,Belgium,BEL,2,Group stage,Léopold Anoul,3
1954,T-09,Brazil,BRA,3,Quarter-finals,3 players tied,2
1954,T-21,Czechoslovakia,CSK,2,Group stage,No goals scored,0
1954,T-28,England,ENG,3,Quarter-finals,Nat Lofthouse,3
1954,T-30,France,FRA,2,Group stage,3 players tied,1
1954,T-36,Hungary,HUN,5,Runner-up,Sándor Kocsis,11
1954,T-41,Italy,ITA,3,Group stage,6 players tied,1
1954,T-46,Mexico,MEX,2,Group stage,2 players tied,1
1954,T-64,Scotland,SCO,2,Group stage,No goals scored,0
1954,T-71,South Korea,KOR,2,Group stage,No goals scored,0
1954,T-75,Switzerland,CHE,4,Quarter-finals,Josef Hügi,6
1954,T-80,Turkey,TUR,3,Group stage,2 players tied,3
1954,T-84,Uruguay,URY,5,Semi-finals,Carlos Borges,4
1954,T-86,West Germany,DEU,6,Champion,Max Morlock,6
1954,T-87,Yugoslavia,YUG,3,Quarter-finals,2 players tied,1
1958,T-03,Argentina,ARG,3,Group stage,Oreste Corbatta,3
1958,T-05,Austria,AUT,3,Group stage,2 players tied,1
1958,T-09,Brazil,BRA,6,Champion,Pelé,6
1958,T-21,Czechoslovakia,CSK,4,Group stage,Zdeněk Zikán,4
1958,T-28,England,ENG,4,Group stage,Derek Kevan,2
1958,T-30,France,FRA,6,Third place,Just Fontaine,13
1958,T-36,Hungary,HUN,4,Group stage,Lajos Tichy,4
1958,T-46,Mexico,MEX,3,Group stage,Jaime Belmonte,1
1958,T-52,Northern Ireland,NIR,5,Quarter-finals,Peter McParland,5
1958,T-55,Paraguay,PRY,3,Group stage,4 players tied,2
1958,T-64,Scotland,SCO,3,Group stage,4 players tied,1
1958,T-72,Soviet Union,SUN,5,Quarter-finals,Aleksandr Ivanov,2
1958,T-74,Sweden,SWE,6,Runner-up,2 players tied,4
1958,T-85,Wales,WAL,5,Quarter-finals,Ivor Allchurch,2
1958,T-86,West Germany,DEU,6,Semi-finals,Helmut Rahn,6
1958,T-87,Yugoslavia,YUG,4,Quarter-finals,Todor Veselinović,3
1962,T-03,Argentina,ARG,3,Group stage,2 players tied,1
1962,T-09,Brazil,BRA,6,Champion,2 players tied,4
1962,T-10,Bulgaria,BGR,3,Group stage,Georgi Solokov,1
1962,T-13,Chile,CHL,6,Third place,Leonel Sánches,4
1962,T-16,Colombia,COL,3,Group stage,5 players tied,1
1962,T-21,Czechoslovakia,CSK,6,Runner-up,Adolf Scherer,3
1962,T-28,England,ENG,4,Quarter-finals,Ron Flowers,2
1962,T-36,Hungary,HUN,4,Quarter-finals,Flórián Albert,4
1962,T-41,Italy,ITA,3,Group stage,Giacomo Bulgarelli,2
1962,T-46,Mexico,MEX,3,Group stage,3 players tied,1
1962,T-72,Soviet Union,SUN,4,Quarter-finals,Valentin Ivanov,4
1962,T-73,Spain,ESP,3,Group stage,2 players tied,1
1962,T-75,Switzerland,CHE,3,Group stage,2 players tied,1
1962,T-84,Uruguay,URY,3,Group stage,José Sasía,2
1962,T-86,West Germany,DEU,4,Quarter-finals,Uwe Seeler,2
1962,T-87,Yugoslavia,YUG,6,Semi-finals,Dražan Jerković,4
1966,T-03,Argentina,ARG,4,Quarter-finals,Luis Artime,3
1966,T-09,Brazil,BRA,3,Group stage,4 players tied,1
1966,T-10,Bulgaria,BGR,3,Group stage,Georgi Asparuhov,1
1966,T-13,Chile,CHL,3,Group stage,Rubén Marcos,2
1966,T-28,England,ENG,6,Champion,Geoff Hurst,4
1966,T-30,France,FRA,3,Group stage,2 players tied,1
1966,T-36,Hungary,HUN,4,Quarter-finals,Ferenc Bene,4
1966,T-41,Italy,ITA,3,Group stage,2 players tied,1
1966,T-46,Mexico,MEX,3,Group stage,Enrique Borja,1
1966,T-51,North Korea,PRK,4,Quarter-finals,Pak Seung-zin,2
1966,T-58,Portugal,PRT,6,Third place,Eusébio,9
1966,T-72,Soviet Union,SUN,6,Semi-finals,Valeriy Porkujan,4
1966,T-73,Spain,ESP,3,Group stage,4 players tied,1
1966,T-75,Switzerland,CHE,3,Group stage,René-Pierre Quentin,1
1966,T-84,Uruguay,URY,4,Quarter-finals,2 players tied,1
1966,T-86,West Germany,DEU,6,Runner-up,Helmut Haller,6
1970,T-06,Belgium,BEL,3,Group stage,2 players tied,2
1970,T-09,Brazil,BRA,6,Champion,Jairzinho,7
1970,T-10,Bulgaria,BGR,3,Group stage,5 players tied,1
1970,T-21,Czechoslovakia,CSK,3,Group stage,Ladislav Petráš,2
1970,T-27,El Salvador,SLV,3,Group stage,No goals scored,0
1970,T-28,England,ENG,4,Quarter-finals,4 players tied,1
1970,T-40,Israel,ISR,3,Group stage,Mordechai Spiegler,1
1970,T-41,Italy,ITA,6,Runner-up,Gigi Riva,3
1970,T-46,Mexico,MEX,4,Quarter-finals,Javier Valdivia,2
1970,T-47,Morocco,MAR,3,Group stage,2 players tied,1
1970,T-56,Peru,PER,4,Quarter-finals,Teófilo Cubillas,4
1970,T-61,Romania,ROU,3,Group stage,Florea Dumitrache,2
1970,T-72,Soviet Union,SUN,4,Quarter-finals,Anatoliy Byshovets,4
1970,T-74,Sweden,SWE,3,Group stage,2 players tied,1
1970,T-84,Uruguay,URY,6,Semi-finals,4 players tied,1
1970,T-86,West Germany,DEU,6,Third place,Gerd Müller,10
1974,T-03,Argentina,ARG,6,Second group stage,René Houseman,3
1974,T-04,Australia,AUS,3,Group stage,No goals scored,0
1974,T-09,Brazil,BRA,7,Semi-finals,Rivellino,3
1974,T-10,Bulgaria,BGR,3,Group stage,Hristo Bonev,1
1974,T-13,Chile,CHL,3,Group stage,Sergio Ahumada,1
1974,T-24,East Germany,DDR,6,Second group stage,Joachim Streich,2
1974,T-34,Haiti,HTI,3,Group stage,Emmanuel Sanon,2
1974,T-41,Italy,ITA,3,Group stage,4 players tied,1
1974,T-48,Netherlands,NLD,7,Runner-up,Johan Neeskens,5
1974,T-57,Poland,POL,7,Third place,Grzegorz Lato,7
1974,T-64,Scotland,SCO,3,Group stage,Joe Jordan,2
1974,T-74,Sweden,SWE,6,Second group stage,Ralf Edström,4
1974,T-84,Uruguay,URY,3,Group stage,Ricardo Pavoni,1
1974,T-86,West Germany,DEU,7,Champion,Gerd Müller,4
1974,T-87,Yugoslavia,YUG,6,Second group stage,Dušan Bajević,3
1974,T-88,Zaire,COD,3,Group stage,No goals scored,0
1978,T-03,Argentina,ARG,7,Champion,Mario Kempes,6
1978,T-05,Austria,AUT,6,Second group stage,Hans Krankl,4
1978,T-09,Brazil,BRA,7,Third place,2 players tied,3
1978,T-30,France,FRA,3,Group stage,5 players tied,1
1978,T-36,Hungary,HUN,3,Group stage,2 players tied,1
1978,T-38,Iran,IRN,3,Group stage,2 players tied,1
1978,T-41,Italy,ITA,7,Semi-finals,Paolo Rossi,3
1978,T-46,Mexico,MEX,3,Group stage,2 players tied,1
1978,T-48,Netherlands,NLD,7,Runner-up,Rob Rensenbrink,5
1978,T-56,Peru,PER,6,Second group stage,Teófilo Cubillas,5
1978,T-57,Poland,POL,6,Second group stage,2 players tied,2
1978,T-64,Scotland,SCO,3,Group stage,Archie Gemmill,2
1978,T-73,Spain,ESP,3,Group stage,2 players tied,1
1978,T-74,Sweden,SWE,3,Group stage,Thomas Sjöberg,1
1978,T-79,Tunisia,TUN,3,Group stage,3 players tied,1
1978,T-86,West Germany,DEU,6,Second group stage,Karl-Heinz Rummenigge,3
1982,T-01,Algeria,DZA,3,Group stage,Saleh Assad,2
1982,T-03,Argentina,ARG,5,Second group stage,3 players tied,2
1982,T-05,Austria,AUT,5,Second group stage,Walter Schachner,2
1982,T-06,Belgium,BEL,5,Second group stage,3 players tied,1
1982,T-09,Brazil,BRA,5,Second group stage,Zico,4
1982,T-11,Cameroon,CMR,3,Group stage,Grégoire M'Bida,1
1982,T-13,Chile,CHL,3,Group stage,3 players tied,1
1982,T-21,Czechoslovakia,CSK,3,Group stage,Antonín Panenka,2
1982,T-27,El Salvador,SLV,3,Group stage,Luis Ramírez,1
1982,T-28,England,ENG,5,Second group stage,2 players tied,2
1982,T-30,France,FRA,7,Semi-finals,Alain Giresse,3
1982,T-35,Honduras,HND,3,Group stage,2 players tied,1
1982,T-36,Hungary,HUN,3,Group stage,László Kiss,3
1982,T-41,Italy,ITA,7,Champion,Paolo Rossi,6
1982,T-45,Kuwait,KWT,3,Group stage,2 players tied,1
1982,T-49,New Zealand,NZL,3,Group stage,2 players tied,1
1982,T-52,Northern Ireland,NIR,5,Second group stage,Gerry Armstrong,3
1982,T-56,Peru,PER,3,Group stage,2 players tied,1
1982,T-57,Poland,POL,7,Third place,Zbigniew Boniek,4
1982,T-64,Scotland,SCO,3,Group stage,John Wark,2
1982,T-72,Soviet Union,SUN,5,Second group stage,7 players tied,1
1982,T-73,Spain,ESP,5,Second group stage,4 players tied,1
1982,T-86,West Germany,DEU,7,Runner-up,Karl-Heinz Rummenigge,5
1982,T-87,Yugoslavia,YUG,3,Group stage,2 players tied,1
1986,T-01,Algeria,DZA,3,Group stage,Djamel Zidane,1
1986,T-03,Argentina,ARG,7,Champion,Diego Maradona,5
1986,T-06,Belgium,BEL,7,Semi-finals,2 players tied,3
1986,T-09,Brazil,BRA,5,Quarter-finals,Careca,5
1986,T-10,Bulgaria,BGR,4,Round of 16,2 players tied,1
1986,T-12,Canada,CAN,3,Group stage,No goals scored,0
1986,T-22,Denmark,DNK,4,Round of 16,Preben Elkjær,4
1986,T-28,England,ENG,5,Quarter-finals,Gary Lineker,6
1986,T-30,France,FRA,7,Third place,3 players tied,2
1986,T-36,Hungary,HUN,3,Group stage,2 players tied,1
1986,T-39,Iraq,IRQ,3,Group stage,Ahmed Radhi,1
1986,T-41,Italy,ITA,4,Round of 16,Alessandro Altobelli,4
1986,T-46,Mexico,MEX,5,Quarter-finals,Fernando Quirarte,2
1986,T-47,Morocco,MAR,4,Round of 16,Abderrazak Khairi,2
1986,T-52,Northern Ireland,NIR,3,Group stage,2 players tied,1
1986,T-55,Paraguay,PRY,4,Round of 16,2 players tied,2
1986,T-57,Poland,POL,4,Round of 16,Włodzimierz Smolarek,1
1986,T-58,Portugal,PRT,3,Group stage,2 players tied,1
1986,T-64,Scotland,SCO,3,Group stage,Gordon Strachan,1
1986,T-71,South Korea,KOR,3,Group stage,4 players tied,1
1986,T-72,Soviet Union,SUN,4,Round of 16,Igor Belanov,4
1986,T-73,Spain,ESP,5,Quarter-finals,Emilio Butragueño,5
1986,T-84,Uruguay,URY,4,Round of 16,2 players tied,1
1986,T-86,West Germany,DEU,7,Runner-up,Rudi Völler,3
1990,T-03,Argentina,ARG,7,Runner-up,Claudio Caniggia,2
1990,T-05,Austria,AUT,3,Group stage,2 players tied,1
1990,T-06,Belgium,BEL,4,Round of 16,6 players tied,1
1990,T-09,Brazil,BRA,4,Round of 16,2 players tied,2
1990,T-11,Cameroon,CMR,5,Quarter-finals,Roger Milla,4
1990,T-16,Colombia,COL,4,Round of 16,Bernardo Redín,2
1990,T-17,Costa Rica,CRI,4,Round of 16,4 players tied,1
1990,T-21,Czechoslovakia,CSK,5,Quarter-finals,Tomáš Skuhravý,5
1990,T-26,Egypt,EGY,3,Group stage,Magdi Abdelghani,1
1990,T-28,England,ENG,7,Semi-finals,Gary Lineker,4
1990,T-41,Italy,ITA,7,Third place,Salvatore Schillaci,6
1990,T-48,Netherlands,NLD,4,Round of 16,3 players tied,1
1990,T-60,Republic of Ireland,IRL,5,Quarter-finals,2 players tied,1
1990,T-61,Romania,ROU,4,Round of 16,Gabi Balint,2
1990,T-64,Scotland,SCO,3,Group stage,2 players tied,1
1990,T-71,South Korea,KOR,3,Group stage,Hwangbo Kwan,1
1990,T-72,Soviet Union,SUN,3,Group stage,4 players tied,1
1990,T-73,Spain,ESP,4,Round of 16,Míchel,4
1990,T-74,Sweden,SWE,3,Group stage,3 players tied,1
1990,T-82,United Arab Emirates,ARE,3,Group stage,2 players tied,1
1990,T-83,United States,USA,3,Group stage,2 players tied,1
1990,T-84,Uruguay,URY,4,Round of 16,2 players tied,1
1990,T-86,West Germany,DEU,7,Champion,Lothar Matthäus,4
1990,T-87,Yugoslavia,YUG,5,Quarter-finals,3 players tied,2
1994,T-03,Argentina,ARG,4,Round of 16,Gabriel Batistuta,4
1994,T-06,Belgium,BEL,4,Round of 16,Philippe Albert,2
1994,T-07,Bolivia,BOL,3,Group stage,Erwin Sánchez,1
1994,T-09,Brazil,BRA,7,Champion,Romário,5
1994,T-10,Bulgaria,BGR,7,Semi-finals,Hristo Stoichkov,6
1994,T-11,Cameroon,CMR,3,Group stage,3 players tied,1
1994,T-16,Colombia,COL,3,Group stage,Adolfo Valencia,2
1994,T-31,Germany,DEU,5,Quarter-finals,Jürgen Klinsmann,5
1994,T-33,Greece,GRC,3,Group stage,No goals scored,0
1994,T-41,Italy,ITA,7,Runner-up,Roberto Baggio,5
1994,T-46,Mexico,MEX,4,Round of 16,Luis García,2
1994,T-47,Morocco,MAR,3,Group stage,2 players tied,1
1994,T-48,Netherlands,NLD,5,Quarter-finals,Dennis Bergkamp,3
1994,T-50,Nigeria,NGA,4,Round of 16,2 players tied,2
1994,T-53,Norway,NOR,3,Group stage,Kjetil Rekdal,1
1994,T-60,Republic of Ireland,IRL,4,Round of 16,2 players tied,1
1994,T-61,Romania,ROU,5,Quarter-finals,Florin Răducioiu,4
1994,T-62,Russia,RUS,3,Group stage,Oleg Salenko,6
1994,T-63,Saudi Arabia,SAU,4,Round of 16,Fuad Anwar,2
1994,T-71,South Korea,KOR,3,Group stage,Hong Myung-bo,2
1994,T-73,Spain,ESP,5,Quarter-finals,2 players tied,2
1994,T-74,Sweden,SWE,7,Third place,Kennet Andersson,5
1994,T-75,Switzerland,CHE,4,Round of 16,Adrian Knup,2
1994,T-83,United States,USA,4,Round of 16,2 players tied,1
1998,T-03,Argentina,ARG,5,Quarter-finals,Gabriel Batistuta,5
1998,T-05,Austria,AUT,3,Group stage,3 players tied,1
1998,T-06,Belgium,BEL,3,Group stage,Marc Wilmots,2
1998,T-09,Brazil,BRA,7,Runner-up,Ronaldo,4
1998,T-10,Bulgaria,BGR,3,Group stage,Emil Kostadinov,1
1998,T-11,Cameroon,CMR,3,Group stage,2 players tied,1
1998,T-13,Chile,CHL,4,Round of 16,Marcelo Salas,4
1998,T-16,Colombia,COL,3,Group stage,Léider Preciado,1
1998,T-18,Croatia,HRV,7,Third place,Davor Šuker,6
1998,T-22,Denmark,DNK,5,Quarter-finals,Brian Laudrup,2
1998,T-28,England,ENG,4,Round of 16,2 players tied,2
1998,T-30,France,FRA,7,Champion,Thierry Henry,3
1998,T-31,Germany,DEU,5,Quarter-finals,2 players tied,3
1998,T-38,Iran,IRN,3,Group stage,2 players tied,1
1998,T-41,Italy,ITA,5,Quarter-finals,Christian Vieri,5
1998,T-43,Jamaica,JAM,3,Group stage,Theodore Witmore,2
1998,T-44,Japan,JPN,3,Group stage,Masashi Nakayama,1
1998,T-46,Mexico,MEX,4,Round of 16,Luis Hernández,4
1998,T-47,Morocco,MAR,3,Group stage,2 players tied,2
1998,T-48,Netherlands,NLD,7,Semi-finals,Dennis Bergkamp,3
1998,T-50,Nigeria,NGA,4,Round of 16,5 players tied,1
1998,T-53,Norway,NOR,4,Round of 16,4 players tied,1
1998,T-55,Paraguay,PRY,4,Round of 16,3 players tied,1
1998,T-61,Romania,ROU,4,Round of 16,Viorel Moldovan,2
1998,T-63,Saudi Arabia,SAU,3,Group stage,2 players tied,1
1998,T-64,Scotland,SCO,3,Group stage,2 players tied,1
1998,T-70,South Africa,ZAF,3,Group stage,Shaun Bartlett,2
1998,T-71,South Korea,KOR,3,Group stage,2 players tied,1
1998,T-73,Spain,ESP,3,Group stage,2 players tied,2
1998,T-79,Tunisia,TUN,3,Group stage,Skander Souayah,1
1998,T-83,United States,USA,3,Group stage,Brian McBride,1
1998,T-87,Yugoslavia,YUG,4,Round of 16,2 players tied,2
2002,T-03,Argentina,ARG,3,Group stage,2 players tied,1
2002,T-06,Belgium,BEL,4,Round of 16,Marc Wilmots,3
2002,T-09,Brazil,BRA,7,Champion,Ronaldo,8
2002,T-11,Cameroon,CMR,3,Group stage,2 players tied,1
2002,T-14,China,CHN,3,Group stage,No goals scored,0
2002,T-17,Costa Rica,CRI,3,Group stage,Rónald Gómez,2
2002,T-18,Croatia,HRV,3,Group stage,2 players tied,1
2002,T-22,Denmark,DNK,4,Round of 16,Jon Dahl Tomasson,4
2002,T-25,Ecuador,ECU,3,Group stage,2 players tied,1
2002,T-28,England,ENG,5,Quarter-finals,Michael Owen,2
2002,T-30,France,FRA,3,Group stage,No goals scored,0
2002,T-31,Germany,DEU,7,Runner-up,Miroslav Klose,5
2002,T-41,Italy,ITA,4,Round of 16,Christian Vieri,4
2002,T-44,Japan,JPN,4,Round of 16,Junichi Inamoto,2
2002,T-46,Mexico,MEX,4,Round of 16,Jared Borgetti,2
2002,T-50,Nigeria,NGA,3,Group stage,Julius Aghahowa,1
2002,T-55,Paraguay,PRY,4,Round of 16,Nelson Cuevas,2
2002,T-57,Poland,POL,3,Group stage,3 players tied,1
2002,T-58,Portugal,PRT,3,Group stage,Pauleta,3
2002,T-60,Republic of Ireland,IRL,4,Round of 16,Robbie Keane,3
2002,T-62,Russia,RUS,3,Group stage,4 players tied,1
2002,T-63,Saudi Arabia,SAU,3,Group stage,No goals scored,0
2002,T-65,Senegal,SEN,5,Quarter-finals,Papa Bouba Diop,3
2002,T-69,Slovenia,SVN,3,Group stage,2 players tied,1
2002,T-70,South Africa,ZAF,3,Group stage,5 players tied,1
2002,T-71,South Korea,KOR,7,Semi-finals,Ahn Jung-hwan,2
2002,T-73,Spain,ESP,5,Quarter-finals,2 players tied,3
2002,T-74,Sweden,SWE,4,Round of 16,Henrik Larsson,3
2002,T-79,Tunisia,TUN,3,Group stage,Raouf Bouzaiene,1
2002,T-80,Turkey,TUR,7,Third place,İlhan Mansız,3
2002,T-83,United States,USA,5,Quarter-finals,2 players tied,2
2002,T-84,Uruguay,URY,3,Group stage,4 players tied,1
2006,T-02,Angola,AGO,3,Group stage,Flávio Amado,1
2006,T-03,Argentina,ARG,5,Quarter-finals,2 players tied,3
2006,T-04,Australia,AUS,4,Round of 16,Tim Cahill,2
2006,T-09,Brazil,BRA,5,Quarter-finals,Ronaldo,3
2006,T-17,Costa Rica,CRI,3,Group stage,Paulo Wanchope,2
2006,T-18,Croatia,HRV,3,Group stage,2 players tied,1
2006,T-20,Czech Republic,CZE,3,Group stage,Tomáš Rosický,2
2006,T-25,Ecuador,ECU,4,Round of 16,2 players tied,2
2006,T-28,England,ENG,5,Quarter-finals,Steven Gerrard,2
2006,T-30,France,FRA,7,Runner-up,2 players tied,3
2006,T-31,Germany,DEU,7,Third place,Miroslav Klose,5
2006,T-32,Ghana,GHA,4,Round of 16,4 players tied,1
2006,T-38,Iran,IRN,3,Group stage,2 players tied,1
2006,T-41,Italy,ITA,7,Champion,2 players tied,2
2006,T-42,Ivory Coast,CIV,3,Group stage,Aruna Dindane,2
2006,T-44,Japan,JPN,3,Group stage,2 players tied,1
2006,T-46,Mexico,MEX,4,Round of 16,Omar Bravo,2
2006,T-48,Netherlands,NLD,4,Round of 16,3 players tied,1
2006,T-55,Paraguay,PRY,3,Group stage,Nelson Cuevas,1
2006,T-57,Poland,POL,3,Group stage,Bartosz Bosacki,2
2006,T-58,Portugal,PRT,7,Semi-finals,Maniche,2
2006,T-63,Saudi Arabia,SAU,3,Group stage,2 players tied,1
2006,T-67,Serbia and Montenegro,SCG,3,Group stage,2 players tied,1
2006,T-71,South Korea,KOR,3,Group stage,3 players tied,1
2006,T-73,Spain,ESP,4,Round of 16,Fernando Torres,3
2006,T-74,Sweden,SWE,4,Round of 16,3 players tied,1
2006,T-75,Switzerland,CHE,4,Round of 16,Alexander Frei,2
2006,T-77,Togo,TGO,3,Group stage,Mohamed Kader,1
2006,T-78,Trinidad and Tobago,TTO,3,Group stage,No goals scored,0
2006,T-79,Tunisia,TUN,3,Group stage,3 players tied,1
2006,T-81,Ukraine,UKR,5,Quarter-finals,Andriy Shevchenko,2
2006,T-83,United States,USA,3,Group stage,2 players tied,1
2010,T-01,Algeria,DZA,3,Group stage,No goals scored,0
2010,T-03,Argentina,ARG,5,Quarter-finals,Gonzalo Higuaín,4
2010,T-04,Australia,AUS,3,Group stage,Brett Holman,2
2010,T-09,Brazil,BRA,5,Quarter-finals,Luís Fabiano,3
2010,T-11,Cameroon,CMR,3,Group stage,Samuel Eto'o,2
2010,T-13,Chile,CHL,4,Round of 16,3 players tied,1
2010,T-22,Denmark,DNK,3,Group stage,3 players tied,1
2010,T-28,England,ENG,4,Round of 16,3 players tied,1
2010,T-30,France,FRA,3,Group stage,Florent Malouda,1
2010,T-31,Germany,DEU,7,Third place,Thomas Müller,5
2010,T-32,Ghana,GHA,5,Quarter-finals,Asamoah Gyan,3
2010,T-33,Greece,GRC,3,Group stage,2 players tied,1
2010,T-35,Honduras,HND,3,Group stage,No goals scored,0
2010,T-41,Italy,ITA,3,Group stage,4 players tied,1
2010,T-42,Ivory Coast,CIV,3,Group stage,4 players tied,1
2010,T-44,Japan,JPN,4,Round of 16,Keisuke Honda,2
2010,T-46,Mexico,MEX,4,Round of 16,Javier Hernández,2
2010,T-48,Netherlands,NLD,7,Runner-up,Wesley Sneijder,5
2010,T-49,New Zealand,NZL,3,Group stage,2 players tied,1
2010,T-50,Nigeria,NGA,3,Group stage,Kalu Uche,2
2010,T-51,North Korea,PRK,3,Group stage,Ji Yun-nam,1
2010,T-55,Paraguay,PRY,5,Quarter-finals,3 players tied,1
2010,T-58,Portugal,PRT,4,Round of 16,Tiago Mendes,2
2010,T-66,Serbia,SRB,3,Group stage,2 players tied,1
2010,T-68,Slovakia,SVK,4,Round of 16,Róbert Vittek,4
2010,T-69,Slovenia,SVN,3,Group stage,3 players tied,1
2010,T-70,South Africa,ZAF,3,Group stage,3 players tied,1
2010,T-71,South Korea,KOR,4,Round of 16,Lee Chung-yong,2
2010,T-73,Spain,ESP,7,Champion,David Villa,5
2010,T-75,Switzerland,CHE,3,Group stage,Gelson Fernandes,1
2010,T-83,United States,USA,4,Round of 16,Landon Donovan,3
2010,T-84,Uruguay,URY,7,Semi-finals,Diego Forlán,5
2014,T-01,Algeria,DZA,4,Round of 16,2 players tied,2
2014,T-03,Argentina,ARG,7,Runner-up,Lionel Messi,4
2014,T-04,Australia,AUS,3,Group stage,Tim Cahill,2
2014,T-06,Belgium,BEL,5,Quarter-finals,6 players tied,1
2014,T-08,Bosnia and Herzegovina,BIH,3,Group stage,4 players tied,1
2014,T-09,Brazil,BRA,7,Semi-finals,Neymar,4
2014,T-11,Cameroon,CMR,3,Group stage,Joël Matip,1
2014,T-13,Chile,CHL,4,Round of 16,Alexis Sánchez,2
2014,T-16,Colombia,COL,5,Quarter-finals,James Rodríguez,6
2014,T-17,Costa Rica,CRI,5,Quarter-finals,Bryan Ruiz,2
2014,T-18,Croatia,HRV,3,Group stage,2 players tied,2
2014,T-25,Ecuador,ECU,3,Group stage,Enner Valencia,3
2014,T-28,England,ENG,3,Group stage,2 players tied,1
2014,T-30,France,FRA,5,Quarter-finals,Karim Benzema,3
2014,T-31,Germany,DEU,7,Champion,Thomas Müller,5
2014,T-32,Ghana,GHA,3,Group stage,2 players tied,2
2014,T-33,Greece,GRC,4,Round of 16,3 players tied,1
2014,T-35,Honduras,HND,3,Group stage,Carlo Costly,1
2014,T-38,Iran,IRN,3,Group stage,Reza Ghoochannejhad,1
2014,T-41,Italy,ITA,3,Group stage,2 players tied,1
2014,T-42,Ivory Coast,CIV,3,Group stage,2 players tied,2
2014,T-44,Japan,JPN,3,Group stage,2 players tied,1
2014,T-46,Mexico,MEX,4,Round of 16,5 players tied,1
2014,T-48,Netherlands,NLD,7,Third place,Robin van Persie,4
2014,T-50,Nigeria,NGA,4,Round of 16,Ahmed Musa,2
2014,T-58,Portugal,PRT,3,Group stage,3 players tied,1
2014,T-62,Russia,RUS,3,Group stage,2 players tied,1
2014,T-71,South Korea,KOR,3,Group stage,3 players tied,1
2014,T-73,Spain,ESP,3,Group stage,4 players tied,1
2014,T-75,Switzerland,CHE,4,Round of 16,5 players tied,1
2014,T-83,United States,USA,4,Round of 16,Clint Dempsey,2
2014,T-84,Uruguay,URY,4,Round of 16,Luis Suárez,2
2018,T-03,Argentina,ARG,4,Round of 16,Sergio Agüero,2
2018,T-04,Australia,AUS,3,Group stage,Mile Jedinak,2
2018,T-06,Belgium,BEL,7,Third place,Romelu Lukaku,4
2018,T-09,Brazil,BRA,5,Quarter-finals,2 players tied,2
2018,T-16,Colombia,COL,4,Round of 16,Yerry Mina,3
2018,T-17,Costa Rica,CRI,3,Group stage,Kendall Waston,1
2018,T-18,Croatia,HRV,7,Runner-up,2 players tied,3
2018,T-22,Denmark,DNK,4,Round of 16,3 players tied,1
2018,T-26,Egypt,EGY,3,Group stage,Mohamed Salah,2
2018,T-28,England,ENG,7,Semi-finals,Harry Kane,6
2018,T-30,France,FRA,7,Champion,2 players tied,4
2018,T-31,Germany,DEU,3,Group stage,2 players tied,1
2018,T-37,Iceland,ISL,3,Group stage,2 players tied,1
2018,T-38,Iran,IRN,3,Group stage,Karim Ansarifard,1
2018,T-44,Japan,JPN,4,Round of 16,Takashi Inui,2
2018,T-46,Mexico,MEX,4,Round of 16,3 players tied,1
2018,T-47,Morocco,MAR,3,Group stage,2 players tied,1
2018,T-50,Nigeria,NGA,3,Group stage,Ahmed Musa,2
2018,T-54,Panama,PAN,3,Group stage,Felipe Baloy,1
2018,T-56,Peru,PER,3,Group stage,2 players tied,1
2018,T-57,Poland,POL,3,Group stage,2 players tied,1
2018,T-58,Portugal,PRT,4,Round of 16,Cristiano Ronaldo,4
2018,T-62,Russia,RUS,5,Quarter-finals,Denis Cheryshev,4
2018,T-63,Saudi Arabia,SAU,3,Group stage,2 players tied,1
2018,T-65,Senegal,SEN,3,Group stage,4 players tied,1
2018,T-66,Serbia,SRB,3,Group stage,2 players tied,1
2018,T-71,South Korea,KOR,3,Group stage,Son Heung-min,2
2018,T-73,Spain,ESP,4,Round of 16,Diego Costa,3
2018,T-74,Sweden,SWE,5,Quarter-finals,Andreas Granqvist,2
2018,T-75,Switzerland,CHE,4,Round of 16,5 players tied,1
2018,T-79,Tunisia,TUN,3,Group stage,Wahbi Khazri,2
2018,T-84,Uruguay,URY,5,Quarter-finals,Edinson Cavani,3
2022,T-03,Argentina,ARG,7,Champion,Lionel Messi,7
2022,T-04,Australia,AUS,4,Round of 16,3 players tied,1
2022,T-06,Belgium,BEL,3,Group stage,Michy Batshuayi,1
2022,T-09,Brazil,BRA,5,Quarter-finals,Richarlison,3
2022,T-11,Cameroon,CMR,3,Group stage,Vincent Aboubakar,2
2022,T-12,Canada,CAN,3,Group stage,Alphonso Davies,1
2022,T-17,Costa Rica,CRI,3,Group stage,3 players tied,1
2022,T-18,Croatia,HRV,7,Third place,Andrej Kramarić,2
2022,T-22,Denmark,DNK,3,Group stage,Andreas Christensen,1
2022,T-25,Ecuador,ECU,3,Group stage,Enner Valencia,3
2022,T-28,England,ENG,5,Quarter-finals,2 players tied,3
2022,T-30,France,FRA,7,Runner-up,Kylian Mbappé,8
2022,T-31,Germany,DEU,3,Group stage,2 players tied,2
2022,T-32,Ghana,GHA,3,Group stage,Mohammed Kudus,2
2022,T-38,Iran,IRN,3,Group stage,Mehdi Taremi,2
2022,T-44,Japan,JPN,4,Round of 16,Ritsu Doan,2
2022,T-46,Mexico,MEX,3,Group stage,2 players tied,1
2022,T-47,Morocco,MAR,7,Semi-finals,Youssef En-Nesyri,2
2022,T-48,Netherlands,NLD,5,Quarter-finals,Cody Gakpo,3
2022,T-57,Poland,POL,4,Round of 16,Robert Lewandowski,2
2022,T-58,Portugal,PRT,5,Quarter-finals,Gonçalo Ramos,3
2022,T-59,Qatar,QAT,3,Group stage,Mohammed Muntari,1
2022,T-63,Saudi Arabia,SAU,3,Group stage,Salem Al-Dawsari,2
2022,T-65,Senegal,SEN,4,Round of 16,5 players tied,1
2022,T-66,Serbia,SRB,3,Group stage,Aleksandar Mitrović,2
2022,T-71,South Korea,KOR,4,Round of 16,Cho Gue-sung,2
2022,T-73,Spain,ESP,4,Round of 16,Álvaro Morata,3
2022,T-75,Switzerland,CHE,4,Round of 16,Breel Embolo,2
2022,T-79,Tunisia,TUN,3,Group stage,Wahbi Khazri,1
2022,T-83,United States,USA,4,Round of 16,3 players tied,1
2022,T-84,Uruguay,URY,3,Group stage,Giorgian de Arrascaeta,2
2022,T-85,Wales,WAL,3,Group stage,Gareth Bale,1
